"FIND_KEY","HarmChannels","DoubleTimeStart"
"0","119","1551708754762"
"1","119","1551708760777"
"2","119","1551708762898"
"3","119","1551708764765"
"4","119","1551708766885"
"5","119","1551708768772"
"6","119","1551708770757"
"7","119","1551708772765"
"8","119","1551708774762"
"9","119","1551708776986"
"10","119","1551708778762"
"11","119","1551708780767"
"12","119","1551708782772"
"13","119","1551708784773"
"14","119","1551708786764"
"15","119","1551708788760"
"16","119","1551708790773"
"17","119","1551708792765"
"18","119","1551708794761"
"19","119","1551708796767"
"20","119","1551708798798"
"21","119","1551708800807"
"22","119","1551708802770"
"23","119","1551708804757"
"24","119","1551708808771"
"25","119","1551708810762"
"26","119","1551708812805"
"27","119","1551708815763"
"28","119","1551708817758"
"29","119","1551708819759"
"30","119","1551708821763"
"31","119","1551708823760"
"32","119","1551708825760"
"33","119","1551708827763"
"34","119","1551708829768"
"35","119","1551708831771"
"36","119","1551708835763"
"37","119","1551708837919"
"38","119","1551708839762"
"39","119","1551708841759"
"40","119","1551708843771"
"41","119","1551708845855"
"42","119","1551708847761"
"43","119","1551708849790"
"44","119","1551708851876"
"45","119","1551708853923"
"46","119","1551708855778"
"47","119","1551708857779"
"48","119","1551708859833"
"49","119","1551708861761"
"50","119","1551708863762"
"51","119","1551708865769"
"52","119","1551708867790"
"53","119","1551708869758"
"54","119","1551708871817"
"55","119","1551708874761"
"56","119","1551708876757"
"57","119","1551708878766"
"58","119","1551708880772"
"59","119","1551708882766"
"60","119","1551708884784"
"61","119","1551708886757"
"62","119","1551708888902"
"63","119","1551708890808"
"64","119","1551708892758"
"65","119","1551708894882"
"66","119","1551708896763"
"67","119","1551708898769"
"68","119","1551708900762"
"69","119","1551708904766"
"70","119","1551708906986"
"71","119","1551708908765"
"72","119","1551708910767"
"73","119","1551708912769"
"74","119","1551708914765"
"75","119","1551708916774"
"76","119","1551708918771"
"77","119","1551708920761"
"78","119","1551708922759"
"79","119","1551708924773"
"80","119","1551708926763"
"81","119","1551708928765"
"82","119","1551708930763"
"83","119","1551709054328"
"84","119","1551709057264"
"85","119","1551709059386"
"86","119","1551709062248"
"87","119","1551709066254"
"88","119","1551709068276"
"89","119","1551709070253"
"90","119","1551709072273"
"91","119","1551709074299"
"92","119","1551709076342"
"93","119","1551709078255"
"94","119","1551709080265"
"95","119","1551709082498"
"96","119","1551709084261"
"97","119","1551709086491"
"98","119","1551709088493"
"99","119","1551709091276"
"100","119","1551709093275"
"101","119","1551709095373"
"102","119","1551709097264"
"103","119","1551709099267"
"104","119","1551709101259"
"105","119","1551709103256"
"106","119","1551709105300"
"107","119","1551709107250"
"108","119","1551709109263"
"109","119","1551709111271"
"110","119","1551709123414"
"111","119","1551709125406"
"112","119","1551709133403"
"113","119","1551709135414"
"114","119","1551709137404"
"115","119","1551709139406"
"116","119","1551709141488"
"117","119","1551709143523"
"118","119","1551709145474"
"119","119","1551709147519"
"120","119","1551709149659"
"121","119","1551709151490"
"122","119","1551709153412"
"123","119","1551709155594"
"124","119","1551709157423"
"125","119","1551709159412"
"126","119","1551709161540"
"127","119","1551709165407"
"128","119","1551709167539"
"129","119","1551709175603"
"130","119","1551709180430"
"131","119","1551709192405"
"132","119","1551709194712"
"133","119","1551709197769"
"134","119","1551709200410"
"135","119","1551709202412"
"136","119","1551709204403"
"137","119","1551709206407"
"138","119","1551709208401"
"139","119","1551709212512"
"140","119","1551709214458"
"141","119","1551709216460"
"142","119","1551709218419"
"143","119","1551709220684"
"144","119","1551709222505"
"145","119","1551709224538"
"146","119","1551709227412"
"147","119","1551709229562"
"148","119","1551709231464"
"149","119","1551709237410"
"150","119","1551709239466"
"151","119","1551709361403"
"152","119","1551709365415"
"153","119","1551709367479"
"154","119","1551709369407"
"155","119","1551709371709"
"156","119","1551709373535"
"157","119","1551709375538"
"158","119","1551709378402"
"159","119","1551709380413"
"160","119","1551709382548"
"161","119","1551709384733"
"162","119","1551709387690"
"163","119","1551709390709"
"164","119","1551709393411"
"165","119","1551709395408"
"166","119","1551709397569"
"167","119","1551709399843"
"168","119","1551709402414"
"169","119","1551709404406"
"170","119","1551709406597"
"171","119","1551709408431"
"172","119","1551709413560"
"173","119","1551709416695"
"174","119","1551709418526"
"175","119","1551709420677"
"176","119","1551709423432"
"177","119","1551709425413"
"178","119","1551709427420"
"179","119","1551709429492"
"180","119","1551709431416"
"181","119","1551709433408"
"182","119","1551709435411"
"183","119","1551709437408"
"184","119","1551709439413"
"185","119","1551709441556"
"186","119","1551709443556"
"187","119","1551709445415"
"188","119","1551709447419"
"189","119","1551709449579"
"190","119","1551709451423"
"191","119","1551709453422"
"192","119","1551709455497"
"193","119","1551709457535"
"194","119","1551709459651"
"195","119","1551709461527"
"196","119","1551709469415"
"197","119","1551709471648"
"198","119","1551709474545"
"199","119","1551709477474"
"200","119","1551709479514"
"201","119","1551709481425"
"202","119","1551709483578"
"203","119","1551709485791"
"204","119","1551709488409"
"205","119","1551709490471"
"206","119","1551709492514"
"207","119","1551709496414"
"208","119","1551709498541"
"209","119","1551709501668"
"210","119","1551709503490"
"211","119","1551709505546"
"212","119","1551709508691"
"213","119","1551709516410"
"214","119","1551709522422"
"215","119","1551709524419"
"216","119","1551709526417"
